{
    "dataset": "california_housing",
    "algorithm": "mlp_AD",
    "config": {
        "data": {
            "normalization": "quantile",
            "path": "data/california_housing",
            "y_policy": "mean_std"
        },
        "model": {
            "d_layers": [
                510,
                263,
                363
            ],
            "dropout": 0.1973063643675128
        },
        "module_input": {
            "bins": 100,
            "emb_size": 20,
            "t": 0.05
        },
        "seed": 0,
        "training": {
            "batch_size": 256,
            "eval_batch_size": 8192,
            "lr": 0.001304086404538407,
            "n_epochs": 1000000000,
            "optimizer": "adamw",
            "patience": 16,
            "weight_decay": 0.0001516844843295177
        }
    },
    "environment": {
        "devices": {
            "CUDA_VISIBLE_DEVICES": "0,1",
            "torch.version.cuda": "10.1",
            "torch.backends.cudnn.version()": 7603,
            "driver": "470.182.03"
        }
    },
    "epoch_size": 52,
    "n_parameters": 324799,
    "best_epoch": 78,
    "metrics": {
        "train": {
            "rmse": 0.40779857203757597,
            "score": -0.40779857203757597
        },
        "val": {
            "rmse": 0.49676674218519695,
            "score": -0.49676674218519695
        },
        "test": {
            "rmse": 0.4913084137791516,
            "score": -0.4913084137791516
        }
    },
    "time": "0:01:11"
}
