{
    "dataset": "adult",
    "algorithm": "mlp_MH",
    "config": {
        "data": {
            "cat_policy": "indices",
            "normalization": "quantile",
            "path": "data/adult"
        },
        "model": {
            "d_embedding": 421,
            "d_layers": [
                42,
                503,
                503,
                503,
                111
            ],
            "dropout": 0.0
        },
        "module_input": {
            "bins": 192,
            "emb_size": 2,
            "inv": 7
        },
        "seed": 0,
        "training": {
            "batch_size": 256,
            "eval_batch_size": 8192,
            "lr": 0.0003214782880724119,
            "n_epochs": 1000000000,
            "optimizer": "adamw",
            "patience": 16,
            "weight_decay": 7.16873819458233e-05
        }
    },
    "environment": {
        "devices": {
            "CUDA_VISIBLE_DEVICES": "0,1",
            "torch.version.cuda": "10.1",
            "torch.backends.cudnn.version()": 7603,
            "driver": "470.182.03"
        }
    },
    "epoch_size": 102,
    "n_parameters": 771957,
    "best_epoch": 14,
    "metrics": {
        "val": {
            "0": {
                "precision": 0.8837478311162522,
                "recall": 0.9269969666329626,
                "f1-score": 0.9048559020923805,
                "support": 4945
            },
            "1": {
                "precision": 0.7277526395173454,
                "recall": 0.6154336734693877,
                "f1-score": 0.666897028334485,
                "support": 1568
            },
            "accuracy": 0.8519883310302472,
            "macro avg": {
                "precision": 0.8057502353167988,
                "recall": 0.7712153200511751,
                "f1-score": 0.7858764652134328,
                "support": 6513
            },
            "weighted avg": {
                "precision": 0.8461921025077636,
                "recall": 0.8519883310302472,
                "f1-score": 0.8475674767810985,
                "support": 6513
            },
            "roc_auc": 0.9077041332205278,
            "score": 0.8519883310302472
        },
        "test": {
            "0": {
                "precision": 0.8896769717061136,
                "recall": 0.9280257338158424,
                "f1-score": 0.90844682358498,
                "support": 12435
            },
            "1": {
                "precision": 0.729607250755287,
                "recall": 0.6279251170046802,
                "f1-score": 0.6749580771380659,
                "support": 3846
            },
            "accuracy": 0.8571340826730545,
            "macro avg": {
                "precision": 0.8096421112307003,
                "recall": 0.7779754254102613,
                "f1-score": 0.7917024503615229,
                "support": 16281
            },
            "weighted avg": {
                "precision": 0.8518642976211752,
                "recall": 0.8571340826730545,
                "f1-score": 0.8532906465175497,
                "support": 16281
            },
            "roc_auc": 0.9093702332733438,
            "score": 0.8571340826730545
        }
    }
}
